lat,lon,elev,dist,elev_diff,slope,time_diff,pace,energy_cost,adjusted_pace,weather_adjusted_pace,temp,humidity,ml_predicted_pace
46.264218,3.432181,256.5,84.52975896464064,2.25,0.02661784473964004,27.617,326.71334141095065,4.151022190960285,376.7206472999,384.63178089319786,20.419999999999998,61.25999999999999,387.5092
46.26417,3.432366,256.75,15.207076536896833,0.25,0.016439714720539914,5.579,366.8686737035687,3.9328932517587503,400.7931475251245,409.2098036231521,20.419999999999998,61.25999999999999,407.6641
46.263822,3.432903,256.5,56.64508028424054,-0.25,-0.004413445947035819,20.016,353.3581363034758,3.514843369411219,344.9995840038271,352.24457526790746,20.419999999999998,61.25999999999999,349.7005
46.263836,3.433193,257.25,22.37259110897632,0.75,0.033523162174053475,7.853,351.00985673712256,4.304070641067501,419.65867197432186,428.47150408578256,20.419999999999998,61.25999999999999,431.4908
46.263883,3.433459,258.25,21.12922096383173,1.0,0.04732782158470326,8.222,389.1293490694302,4.6218950561737895,499.5875040767011,510.0788416623118,20.419999999999998,61.25999999999999,511.3435
46.264319,3.435502,265.75,164.5476814411583,7.5,0.0455794936416772,64.037,389.1698712442777,4.580787170737675,495.1956537315056,505.5947624598672,20.419999999999998,61.25999999999999,507.88693
46.264511,3.436196,270.25,57.527065423803315,4.5,0.07822404926878138,22.808,396.4742479383035,5.3872699739708345,593.309392047414,605.7688892804097,20.419999999999998,61.25999999999999,606.55493
46.264729,3.436916,274.0,60.49112993836572,3.75,0.061992559964095015,26.231,433.6338241115138,4.976166815963692,599.398401617542,611.9857680515104,20.419999999999998,61.25999999999999,611.6983
46.265004,3.438238,277.75,106.24413635068792,3.75,0.03529606554118051,44.284,416.8135910468368,4.344011716307582,502.9564230621378,513.5185079464426,20.419999999999998,61.25999999999999,510.27573
46.265214,3.440025,280.25,139.49584675086683,2.5,0.017921680524760605,53.309,382.15474683778524,3.964091618906152,420.8045636291296,429.64145946534126,20.419999999999998,61.25999999999999,398.3167
46.265392,3.441684,280.5,129.20061755478065,0.25,0.0019349752712598358,45.959,355.7181139673232,3.6379050568544913,359.4635348934631,367.01226912622576,20.419999999999998,61.25999999999999,363.09637
46.265565,3.4433,284.5,125.8448601265089,4.0,0.03178516783267027,41.514,329.8823643513684,4.26517106196238,390.8346428564407,399.04217035642597,20.419999999999998,61.25999999999999,401.51306
46.265714,3.444387,286.5,85.28061850000907,2.0,0.023451987511087145,32.152,377.0141512282369,4.082211960054013,427.51435479264484,436.49215624329037,20.419999999999998,61.25999999999999,436.14743
46.266208,3.444408,284.5,55.01556967749996,-2.0,-0.036353345275236724,20.046,364.36957969369763,2.9543155746065772,299.0174233894287,305.2967892806067,20.419999999999998,61.25999999999999,301.95685
46.267366,3.444289,281.0,129.23283715813773,-3.5,-0.027082899957672303,34.861,269.7534215498326,3.1066852645035676,232.78860549396776,237.67716620934107,20.419999999999998,61.25999999999999,239.66475
46.267898,3.444198,281.25,59.6345597781075,0.25,0.004192199974816914,16.905,283.4765622971197,3.682558401381467,289.97749891166524,296.0670263888102,20.419999999999998,61.25999999999999,337.0636
46.268182,3.444177,281.75,31.6560107388039,0.5,0.015794788677750245,10.766,340.09338980931824,3.919376728850839,370.26503268184416,378.0405983681629,20.419999999999998,61.25999999999999,365.6102
46.268359,3.444203,281.75,19.804873178367764,0.0,0.0,6.704,338.502546298684,3.6,338.502546298684,345.61109977095634,20.419999999999998,61.25999999999999,332.33093
46.268507,3.444281,281.75,17.534620800813354,0.0,0.0,5.728,326.66802807245784,3.6,326.66802807245784,333.5280566619794,20.419999999999998,61.25999999999999,332.33093
46.268832,3.444502,281.75,39.97660308394707,0.0,0.0,13.061,326.7161037313036,3.6,326.7161037313036,333.5771419096609,20.419999999999998,61.25999999999999,332.33093
46.26915,3.444701,281.75,38.56984879129033,0.0,0.0,12.601,326.70597357502476,3.6,326.70597357502476,333.56679902010023,20.419999999999998,61.25999999999999,332.33093
46.269204,3.444799,281.75,9.64397172070914,0.0,0.0,3.15,326.62891298569406,3.6,326.62891298569406,333.4881201583936,20.419999999999998,61.25999999999999,332.33093
46.26924,3.444865,281.75,6.469506910987262,0.0,0.0,2.14,330.78255104196666,3.6,330.78255104196666,337.7289846138479,20.419999999999998,61.25999999999999,332.33093
46.269385,3.445281,282.0,35.85113424579097,0.25,0.0069732800721458545,11.945,333.1833218471289,3.738215622812375,345.97530527485026,353.2407866856221,20.419999999999998,61.25999999999999,355.4324
46.269409,3.445348,282.0,5.806863735558939,0.0,0.0,1.96,337.5315986834226,3.6,337.5315986834226,344.61976225577445,20.419999999999998,61.25999999999999,332.33093
46.269451,3.44538,282.0,5.284240874521814,0.0,0.0,1.783,337.4183808684438,3.6,337.4183808684438,344.5041668666811,20.419999999999998,61.25999999999999,332.33093
46.269485,3.445662,282.25,22.027927095086092,0.25,0.011349229499482458,7.457,338.52481751056274,3.827209874546988,359.89042343212304,367.4481223241976,20.419999999999998,61.25999999999999,365.28802
46.26893,3.449186,289.5,278.1287713199176,7.25,0.02606706226613531,94.296,339.0372004755166,4.138989070974491,389.7975742838752,397.9833233438365,20.419999999999998,61.25999999999999,400.0145
46.268769,3.450104,292.5,72.88049350649968,3.0,0.041163277794386124,26.849,368.39761516715765,4.478046362369385,458.2504445846797,467.87370392095795,20.419999999999998,61.25999999999999,469.56827
46.268663,3.450091,293.0,11.842196085511413,0.5,0.04222189840377121,4.591,387.6814711434273,4.502530620854448,484.87435971143924,495.0567212653794,20.419999999999998,61.25999999999999,497.15826
46.268576,3.450372,293.75,23.693487225099965,0.75,0.03165426823306444,9.05,381.9615033456443,4.262251548788656,452.22666922572665,461.72342927946687,20.419999999999998,61.25999999999999,408.42776
46.268396,3.45067,294.5,30.45289633467778,0.75,0.024628199293672725,11.397,374.2501164666507,4.10767646813797,427.02733239109875,435.9949063713118,20.419999999999998,61.25999999999999,433.40552
46.268349,3.450887,295.0,17.499281483342255,0.5,0.02857260170801613,6.288,359.3290390800109,4.193937416401223,418.61208383254296,427.4029375930263,20.419999999999998,61.25999999999999,428.0929
46.268272,3.451209,295.25,26.219615922304115,0.25,0.009534846000064162,9.421,359.3111366664179,3.790101008876852,378.2848615500219,386.2288436425723,20.419999999999998,61.25999999999999,383.64862
46.268094,3.452083,295.75,70.11547176663626,0.5,0.007131093714439214,24.856,354.5009307322022,3.7413950202718196,368.4244491453296,376.1613625773815,20.419999999999998,61.25999999999999,375.74887
46.267957,3.452719,296.75,51.263612503195,1.0,0.019507013867539575,17.345,338.3491555324739,3.997679639051363,375.7254249895538,383.6156589143344,20.419999999999998,61.25999999999999,383.8821
46.267798,3.45321,299.0,41.72458580597682,2.25,0.0539250409929222,15.924,381.6454901205747,4.779198497274041,506.6554313543515,517.2951954127929,20.419999999999998,61.25999999999999,518.85034
46.267703,3.453647,300.75,35.25254287299156,1.75,0.049641808998146,14.269,404.765127196883,4.67667801671257,525.8211589704249,536.8634033088038,20.419999999999998,61.25999999999999,534.6096
46.267679,3.453889,301.5,18.813548631126036,0.75,0.03986488751830498,7.475,397.32004559910627,4.448141350427255,490.92659005084084,501.23604844190845,20.419999999999998,61.25999999999999,498.77206
46.267716,3.454382,303.5,38.16125617522055,2.0,0.05240917622881268,15.265,400.0130375664128,4.742751063304814,526.9895164594146,538.0562963050622,20.419999999999998,61.25999999999999,537.10126
46.267764,3.454877,305.75,38.46514257235918,2.25,0.058494518661080866,15.686,407.7977865412064,4.890147819199458,553.9420712580129,565.5748547544312,20.419999999999998,61.25999999999999,563.54694
46.267759,3.455016,306.25,10.711070982514839,0.5,0.0466806728119176,4.325,403.78781982308726,4.606650332936848,516.697026284408,527.5476638363806,20.419999999999998,61.25999999999999,525.3162
46.267731,3.455132,306.5,9.45519251494348,0.25,0.02644049812892619,3.817,403.6935254324451,4.147144810197516,465.0487524743066,474.81477627626697,20.419999999999998,61.25999999999999,472.33835
46.267479,3.455596,306.75,45.40837114535863,0.25,0.0055055927727448006,15.959,351.455020240937,3.708755230734257,362.07240130177485,369.6759217291121,20.419999999999998,61.25999999999999,367.17932
46.267269,3.456081,306.25,44.039696643796105,-0.5,-0.011353393372441298,14.187,322.1411835496494,3.384639710839382,302.86995620526153,309.230225285572,20.419999999999998,61.25999999999999,310.24197
46.267204,3.456202,306.0,11.792403323778649,-0.25,-0.021200089001017337,3.732,316.4749286071868,3.2078132780608715,281.99791059986114,287.9198667224582,20.419999999999998,61.25999999999999,289.7999
46.267137,3.456243,306.0,8.098319362307736,0.0,0.0,2.645,326.6109771257858,3.6,326.6109771257858,333.46980764542724,20.419999999999998,61.25999999999999,332.33093
46.267141,3.45645,306.25,15.935870077172728,0.25,0.015687878903964676,5.206,326.6843902961605,3.9171396383154073,355.4634373466643,362.9281695309442,20.419999999999998,61.25999999999999,365.6102
46.267122,3.457528,305.0,82.9842840316883,-1.25,-0.015063093145717521,27.112,326.71246509335475,3.3169213081017737,301.02209363627924,307.34355760264106,20.419999999999998,61.25999999999999,304.95996
46.267126,3.457695,305.25,12.859170289326347,0.25,0.019441378749569135,4.016,312.30630823307854,3.996284678799653,346.68469852342605,353.965077192418,20.419999999999998,61.25999999999999,358.77048
46.267135,3.457926,305.25,17.804775692078273,0.0,0.0,6.203,348.38967405581235,3.6,348.38967405581235,355.7058572109844,20.419999999999998,61.25999999999999,332.33093
46.267163,3.458256,305.75,25.585649761847726,0.5,0.0195422045034627,8.913,348.3593374787261,3.998427709886054,386.9137855479127,395.03897504441886,20.419999999999998,61.25999999999999,395.4641
46.267386,3.460268,306.75,156.80981354406495,1.0,0.00637715189756916,54.175,345.48220405080923,3.726226115133455,357.59578084666396,365.1052922444439,20.419999999999998,61.25999999999999,364.99457
46.267414,3.460777,307.25,39.2936288289905,0.5,0.012724709193341397,13.63,346.87557261048653,3.855538684186387,371.4978302219541,379.2992846566151,20.419999999999998,61.25999999999999,378.94193
46.267463,3.460783,308.25,5.474162291542345,1.0,0.18267635242473787,2.077,379.41878398618053,8.441051248532176,889.6370556341969,908.319433802515,20.419999999999998,61.25999999999999,908.1674
46.267996,3.460954,313.5,60.77499679140399,5.25,0.08638420859188856,23.067,379.5475313503035,5.6011360837242945,590.5270481485173,602.9281161596361,20.419999999999998,61.25999999999999,685.4195
46.268182,3.461041,315.0,21.760902746112595,1.5,0.06893096382538462,9.433,433.4838545099021,5.149520938979299,620.0650515300546,633.0864176121856,20.419999999999998,61.25999999999999,631.8442
46.268389,3.461206,316.75,26.309815101993504,1.75,0.06651510066550798,11.129,422.998031603679,5.088752587325814,597.9256465991522,610.4820851777343,20.419999999999998,61.25999999999999,610.4463
46.268668,3.46147,317.5,37.11236648818403,0.75,0.020208897221328844,14.782,398.30389163424394,4.0126204792225275,443.9562090348883,453.2792894246209,20.419999999999998,61.25999999999999,449.56076
46.269237,3.462077,319.75,78.70108133026008,2.25,0.02858918787352022,28.279,359.3216195001237,4.194302944958105,418.63992412680125,427.43136253346404,20.419999999999998,61.25999999999999,428.0929
46.269363,3.462173,320.25,15.852728152601804,0.5,0.031540312505638865,5.922,373.5634613167867,4.259711115900428,442.0201190737099,451.30254157425776,20.419999999999998,61.25999999999999,408.42776
46.269495,3.462242,320.75,15.624056639619536,0.5,0.03200193211871098,5.89,376.98276035841536,4.2700088218438665,447.14436455930166,456.53439621504697,20.419999999999998,61.25999999999999,456.19818
46.269939,3.462372,322.75,50.4280414954338,2.0,0.03966047343284386,19.011,376.9926302158973,4.443445766678855,465.31841855609883,475.09010534577686,20.419999999999998,61.25999999999999,477.9201
46.269766,3.462999,319.25,51.94983612565126,-3.5,-0.06737268605688258,20.175,388.35541177074464,2.50879149323126,270.63965372243536,276.32308645060647,20.419999999999998,61.25999999999999,274.25397
46.2693,3.464206,310.75,106.38537671669951,-8.5,-0.07989819900375217,24.54,230.67080041789154,2.3578916907651806,151.0824343354166,154.25516545646033,20.419999999999998,61.25999999999999,154.45181
46.269217,3.46451,309.5,25.151916302988095,-1.25,-0.049698002527604535,5.627,223.72052817826454,2.7503273779836186,170.9179704626768,174.507247842393,20.419999999999998,61.25999999999999,182.32549
46.269078,3.465122,307.5,49.571522597222085,-2.0,-0.04034574479889139,12.877,259.7660778876622,2.891370669857443,208.6333385078585,213.0146386165235,20.419999999999998,61.25999999999999,215.5636
46.268857,3.465867,306.0,62.385222777802696,-1.5,-0.024044155542131292,16.476,264.1010044747701,3.158496468345244,231.71169164444245,236.5776371689757,20.419999999999998,61.25999999999999,239.66475
46.268867,3.466196,305.25,25.34180043369607,-0.75,-0.029595371566526595,7.239,285.65452636011474,3.0645393566514483,243.16653845450003,248.27303576204451,20.419999999999998,61.25999999999999,217.54549
46.268823,3.466955,302.25,58.61193472611535,-3.0,-0.05118411487384853,16.392,279.67000367070835,2.7287501105519927,211.98598706514488,216.4376927935129,20.419999999999998,61.25999999999999,182.32549
46.268766,3.467366,299.75,32.25771322421059,-2.5,-0.07750084398802513,7.686,238.26859475678444,2.3854538837295465,157.88298464815358,161.1985273257648,20.419999999999998,61.25999999999999,161.58606
46.268677,3.467631,298.5,22.67177820483875,-1.25,-0.055134625467234744,5.283,233.02098107472094,2.67251577293666,172.9867353742685,176.61945681712814,20.419999999999998,61.25999999999999,178.69087
46.268622,3.467796,297.75,14.09627028629757,-0.75,-0.05320556322824241,3.663,259.8559708067359,2.6997708384905046,194.8754367199071,198.96782089102513,20.419999999999998,61.25999999999999,197.70932
46.268535,3.468036,297.25,20.85396074771023,-0.5,-0.023976260723272923,5.865,281.2415382839914,3.159664511118791,246.84136321344013,252.02503184092237,20.419999999999998,61.25999999999999,239.66475
46.268401,3.468284,296.25,24.222385324399422,-1.0,-0.04128412567992184,7.118,293.86040658968363,2.87681210514845,234.82810413917977,239.75949432610253,20.419999999999998,61.25999999999999,239.4766
46.268508,3.468392,297.0,14.524035997973213,0.75,0.05163853904690544,4.448,306.25096224084723,4.724290911552018,401.89406599124857,410.33384137706474,20.419999999999998,61.25999999999999,412.15625
46.269442,3.468692,303.25,106.5044606181615,6.25,0.05868298814645355,32.616,306.24069462155666,4.894758558908693,416.38173919028,425.1257557132758,20.419999999999998,61.25999999999999,427.38562
46.269564,3.468522,303.5,18.856694156114667,0.25,0.013257891225802822,7.607,403.4111142187283,3.866565327434284,433.282063038824,442.38098636263925,20.419999999999998,61.25999999999999,437.86813
46.269789,3.468839,305.25,34.962684384818154,1.75,0.05005336491725168,13.509,386.38337523837305,4.686465988307965,502.99237402840816,513.5552138830047,20.419999999999998,61.25999999999999,515.3505
46.26985,3.46896,305.75,11.524184264148731,0.5,0.04338701885872128,4.404,382.15286210761707,4.529583253775533,480.83144571807014,490.92890607814957,20.419999999999998,61.25999999999999,497.15826
46.269856,3.469099,306.0,10.717023822187764,0.25,0.023327371866284162,4.096,382.1956606571997,4.07952107270015,433.1042365404449,442.1994255077942,20.419999999999998,61.25999999999999,441.82303
46.26982,3.469201,306.25,8.812888159747322,0.25,0.02836754483528676,3.327,377.51528666799624,4.189420271271488,439.32505407826955,448.55088021391316,20.419999999999998,61.25999999999999,446.0091
46.269537,3.46966,308.5,47.32883254068646,2.25,0.04753973168608747,18.5,390.88223830783033,4.626894238554748,502.3807712166344,512.9307674121836,20.419999999999998,61.25999999999999,511.3435
46.269516,3.469797,309.5,10.798430695298888,1.0,0.0926060488062725,4.695,434.78539914544945,5.767315889362578,696.540205820667,711.167550142901,20.419999999999998,61.25999999999999,711.5518
46.269549,3.469947,310.75,12.113183441301794,1.25,0.10319335177719917,5.564,459.3342474306689,6.056102075272168,772.7153025301259,788.9423238832585,20.419999999999998,61.25999999999999,711.5518
46.2696,3.47007,312.25,11.03713004924537,1.5,0.13590489495976882,5.07,459.3585449640186,6.9934560882571795,892.362170269882,911.1017758455494,20.419999999999998,61.25999999999999,910.3053
46.269609,3.470199,313.5,9.97715500872443,1.25,0.12528621625172195,4.532,454.2377056422432,6.68198977977336,843.1143629692136,860.819764591567,20.419999999999998,61.25999999999999,806.5633
46.269583,3.470341,314.75,11.303914213397967,1.25,0.1105811647542793,5.135,454.2674248105793,6.261971366368974,790.1693352327829,806.7628912726713,20.419999999999998,61.25999999999999,806.5633
46.269433,3.470639,317.25,28.36684525932726,2.5,0.08813105500965,12.918,455.3907874458634,5.647524002712556,714.3973340874126,729.3996781032481,20.419999999999998,61.25999999999999,728.70306
46.269388,3.470937,319.25,23.47236628526168,2.0,0.08520657762808524,10.186,433.95709985983814,5.569983304819512,671.4260558964423,685.5260030702675,20.419999999999998,61.25999999999999,685.4195
46.269396,3.471086,319.75,11.500329627571437,0.5,0.04347701467628164,4.777,415.3793982171948,4.531677417884787,522.8792885431762,533.8597536025829,20.419999999999998,61.25999999999999,531.09576
46.269521,3.471152,320.5,14.812820094827986,0.75,0.050631817250104086,6.153,415.38342871985384,4.700245868650189,542.3345124295121,553.7235371905318,20.419999999999998,61.25999999999999,551.71405
46.269612,3.471234,321.0,11.934597994741702,0.5,0.04189500142529278,4.957,415.34704413035263,4.494960270695395,518.6023505324172,529.4929998935979,20.419999999999998,61.25999999999999,527.6125
46.27088,3.472947,324.5,193.13025321163755,3.5,0.01812248439484311,80.228,415.408765151278,3.968333806211602,457.9112905962312,467.52742769875204,20.419999999999998,61.25999999999999,463.0943
46.271135,3.473034,325.0,29.165203758266042,0.5,0.01714371701786206,10.325,354.01775641885143,3.947689807688537,388.2089690987397,396.3613574498132,20.419999999999998,61.25999999999999,398.3167
46.271268,3.472998,325.0,15.062417317754448,0.0,0.0,5.014,332.8814953287659,3.6,332.8814953287659,339.8720067306699,20.419999999999998,61.25999999999999,332.33093
46.271451,3.472892,324.75,21.94370725322012,-0.25,-0.011392787787182763,7.169,326.6995825852529,3.383913662262774,307.0897724904952,313.53865771279555,20.419999999999998,61.25999999999999,311.9045
46.271636,3.472742,324.5,23.608077875751082,-0.25,-0.010589595701765549,7.713,326.7102065908707,3.3987459606871995,308.4458319350006,314.9231944056356,20.419999999999998,61.25999999999999,296.9727
46.271734,3.472714,324.75,11.120033795542762,0.25,0.022481946062089073,3.751,337.31911871558447,4.061300821482446,380.54289276148273,388.53429350947386,20.419999999999998,61.25999999999999,449.56076
46.271817,3.472727,325.0,9.293510787012247,0.25,0.02690049064658933,3.242,348.8455627049704,4.157207317533677,402.8398127684045,411.29944883654093,20.419999999999998,61.25999999999999,408.9266
46.27191,3.472771,325.5,10.892279018542208,0.5,0.04590407564375069,3.8,348.87097489250516,4.588400455997392,444.6554834113959,453.99324856303514,20.419999999999998,61.25999999999999,507.88693
46.272379,3.473288,326.75,65.6380828997731,1.25,0.019043822500250402,24.761,377.23527114296013,3.9878433653338674,417.8764369992711,426.65184217625574,20.419999999999998,61.25999999999999,463.0943
46.272523,3.473402,327.0,18.273174075595694,0.25,0.013681257507084202,6.616,362.0607986674763,3.8753389337190836,389.7523081804159,397.93710665220465,20.419999999999998,61.25999999999999,394.49628
46.272683,3.473468,327.75,18.520992216741373,0.75,0.04049459074455336,7.022,379.13735494433826,4.462627713826953,469.98579653379164,479.85549826100123,20.419999999999998,61.25999999999999,480.27286
46.27282,3.473488,328.25,15.3282197217421,0.5,0.032619574162991806,5.811,379.10469092229073,4.283815037967026,451.11510442687506,460.5885216198394,20.419999999999998,61.25999999999999,458.4535
46.272959,3.473465,329.0,15.574289370676002,0.75,0.04815629029033806,6.045,388.13969974012474,4.641459866034873,500.4263440996154,510.93529732570727,20.419999999999998,61.25999999999999,511.3435
46.273132,3.473386,329.75,20.194861659922765,0.75,0.037138159826486696,7.838,388.11852896000363,4.385788275942623,472.8349149969115,482.76444821184657,20.419999999999998,61.25999999999999,483.27747
46.273764,3.47295,332.0,77.94330460752225,2.25,0.028867136328510942,30.517,391.52817748318597,4.200431893412749,456.8298455194838,466.4232722753929,20.419999999999998,61.25999999999999,463.39133
46.274038,3.472812,332.25,32.296981377283565,0.25,0.007740661490297673,11.729,363.1608744788056,3.753696907544099,378.66551429780645,386.61749009806033,20.419999999999998,61.25999999999999,383.93292
46.274284,3.472758,332.25,27.698018159296623,0.0,0.0,9.238,333.52566768028265,3.6,333.52566768028265,340.52970670156856,20.419999999999998,61.25999999999999,332.33093
46.274516,3.472775,332.5,25.85922622277484,0.25,0.009667729337539845,8.645,334.31008049212784,3.792808773072806,352.2150572825607,359.61157348549443,20.419999999999998,61.25999999999999,362.2641
46.27514,3.472884,333.5,69.96783526429284,1.0,0.014292281535117562,23.962,342.471650144487,3.888029570015316,369.87219518158486,377.6395112803981,20.419999999999998,61.25999999999999,377.73608
46.275937,3.472929,334.75,88.78916972136018,1.25,0.014078293601829741,31.07,349.93006576708,3.8835813808704125,377.4949688943863,385.4223632411684,20.419999999999998,61.25999999999999,385.85303
46.27612,3.472818,334.5,22.089324709923215,-0.25,-0.011317684143041828,7.541,341.38662449071376,3.3852979686184304,321.02651288942116,327.76806966009894,20.419999999999998,61.25999999999999,324.91583
46.27663,3.472304,333.75,69.18963457058246,-0.75,-0.010839773972717,21.33,308.28317178407144,3.394119397348377,290.6527481189997,296.75645582949863,20.419999999999998,61.25999999999999,296.9727
46.277684,3.471337,333.5,138.9316803474475,-0.25,-0.0017994455935088896,42.938,309.05837957633884,3.5650609825030033,306.0588806508913,312.48611714456,20.419999999999998,61.25999999999999,314.12134
46.277959,3.469744,333.25,126.33006689687132,-0.25,-0.0019789429875319057,40.902,323.77090430412,3.561592267616349,320.3166525690852,327.043302273036,20.419999999999998,61.25999999999999,326.04163
46.277684,3.471337,333.5,126.33066367667703,0.25,0.0019789336391031294,40.865,323.47649264779756,3.6387701889896995,326.9601717460421,333.82633535270895,20.419999999999998,61.25999999999999,337.0636
46.277848,3.471297,332.75,18.51398342890455,-0.75,-0.04050992067050676,5.941,320.8925849379742,2.888817048301806,257.4999916784598,262.90749150370743,20.419999999999998,61.25999999999999,260.23386
46.277942,3.471251,332.5,11.046360321647365,-0.25,-0.022631888940837758,3.552,321.55387807142284,3.182886176734668,284.2970537747102,290.26729190397907,20.419999999999998,61.25999999999999,289.7999
46.278224,3.470964,332.5,38.38045528805485,0.0,0.0,12.343,321.5959765813803,3.6,321.5959765813803,328.34949208958926,20.419999999999998,61.25999999999999,332.33093
46.278389,3.470821,332.5,21.41081921268197,0.0,0.0,6.871,320.9125223910254,3.6,320.9125223910254,327.6516853612369,20.419999999999998,61.25999999999999,332.33093
46.278871,3.47049,329.0,59.392871494731814,-3.5,-0.0589296309795436,19.404,326.70587415058975,2.620042348308557,237.7731182543642,242.76635373770583,20.419999999999998,61.25999999999999,240.63582
46.279446,3.470025,326.5,73.32826043291864,-2.5,-0.03409326752387673,17.61,240.15297643818766,2.990665806376575,199.5048041481242,203.6944050352348,20.419999999999998,61.25999999999999,206.21713
46.279722,3.469872,325.0,32.90198638457,-1.5,-0.045589952608559005,8.814,267.8865615278927,2.811168881402006,209.18732375360992,213.5802575524357,20.419999999999998,61.25999999999999,211.95732
46.280364,3.469677,322.0,73.02482696706423,-3.0,-0.041081918637795124,18.762,256.92631916077073,2.8799416361668477,205.53688999394328,209.85316468381606,20.419999999999998,61.25999999999999,212.36469
46.280808,3.469403,319.5,53.73357185888985,-2.5,-0.046525848059482615,14.136,263.07575526753845,2.7971539897995044,204.4064995739203,208.69903606497263,20.419999999999998,61.25999999999999,208.60272
46.281012,3.469403,318.25,22.709176121442677,-1.25,-0.05504382868472771,5.731,252.3649457537396,2.6737898333994785,187.43634062854437,191.37250378174377,20.419999999999998,61.25999999999999,191.51694
46.281292,3.46943,316.5,31.23859819911991,-1.75,-0.056020439484679024,7.626,244.12106943437846,2.6601315971629993,180.38726953767016,184.17540219796123,20.419999999999998,61.25999999999999,184.06963
46.281704,3.469187,313.75,49.52754360168916,-2.75,-0.055524659613973064,12.084,243.98544973645474,2.6670526889881394,180.75612494266448,184.55200356646043,20.419999999999998,61.25999999999999,184.27913
46.281989,3.468928,311.0,37.464436661431016,-2.75,-0.07340294543467878,8.812,235.20972915286885,2.4340178532077434,159.02907777951128,162.368688412881,20.419999999999998,61.25999999999999,162.26967
46.282954,3.468325,300.5,117.01210860527445,-10.5,-0.08973430292945513,26.263,224.44685693678855,2.251411751505932,140.36730313779347,143.31501650368713,20.419999999999998,61.25999999999999,144.26387
46.283183,3.467749,297.25,51.12233002390157,-3.25,-0.06357300221802303,10.727,209.83002916699482,2.557916374924568,149.09101876587658,152.22193015995998,20.419999999999998,61.25999999999999,274.25397
46.283509,3.467173,294.25,57.276471090426995,-3.0,-0.05237752855380454,13.45,234.82591968289034,2.7115897073760595,176.87542967701185,180.5898137002291,20.419999999999998,61.25999999999999,182.32549
46.284102,3.466581,291.75,80.1986511793736,-2.5,-0.03117259409274178,19.9,248.13384897822456,3.0384038793620425,209.42523592679797,213.8231658812607,20.419999999999998,61.25999999999999,217.54549
46.28421,3.466404,291.0,18.164713435637413,-0.75,-0.041288842934817375,4.987,274.5432796212457,2.8767391468447685,219.38594444155194,223.9930492748245,20.419999999999998,61.25999999999999,224.04028
46.283742,3.465628,290.75,79.23449273737205,-0.25,-0.003155191525345426,20.822,262.78959176296985,3.538936049590179,258.332099929739,263.7570740282635,20.419999999999998,61.25999999999999,267.16092
46.28354,3.46517,291.25,41.7987180425307,0.5,0.011962089351430442,13.788,329.8665759550459,3.839811182702242,351.84037976441215,359.22902773946475,20.419999999999998,61.25999999999999,361.78583
46.283496,3.465086,291.25,8.108759428914652,0.0,0.0,2.781,342.962449975191,3.6,342.962449975191,350.16466142467,20.419999999999998,61.25999999999999,332.33093
46.283059,3.464013,290.5,95.81625680980527,-0.75,-0.007827481734010397,32.869,343.0419961535836,3.450221530034289,328.76968912084277,335.67385259238046,20.419999999999998,61.25999999999999,334.01556
46.282907,3.463571,290.25,37.98149838028901,-0.25,-0.006582152117772708,11.945,314.49522818718,3.473666257417143,303.45873952014216,309.8313730500651,20.419999999999998,61.25999999999999,311.77917
46.282808,3.463245,290.0,27.394629298936195,-0.25,-0.009125876363280746,8.671,316.52189578402937,3.4259340379779433,301.21753792550373,307.5431062219393,20.419999999999998,61.25999999999999,307.13672
46.282736,3.463084,290.0,14.753245405012368,0.0,0.0,4.65,315.18488795829137,3.6,315.18488795829137,321.8037706054155,20.419999999999998,61.25999999999999,332.33093
46.282624,3.462747,289.75,28.768495746726902,-0.25,-0.008690061593798953,9.067,315.17115388390044,3.434068478423277,300.64425690583175,306.9577863008542,20.419999999999998,61.25999999999999,307.13672
46.282472,3.462335,289.75,35.93013595013018,0.0,0.0,11.554,321.56850216310244,3.6,321.56850216310244,328.3214407085276,20.419999999999998,61.25999999999999,332.33093
46.282185,3.461601,290.5,64.8806965206732,0.75,0.011559678613515261,21.197,326.7073434275773,3.831533229420814,347.71945628848897,355.0215648705472,20.419999999999998,61.25999999999999,365.28802
46.282036,3.461293,291.0,28.924020428930397,0.5,0.017286670130404476,10.076,348.36097646791103,3.9506996964811116,382.29711222156664,390.3253515782195,20.419999999999998,61.25999999999999,398.3167
46.281546,3.460135,291.5,104.46243771317614,0.5,0.004786409459186243,37.053,354.70165938245566,3.694390940643506,364.0018325149341,371.6458709977477,20.419999999999998,61.25999999999999,337.0636
46.281247,3.459556,292.25,55.60710499382238,0.75,0.013487485098951304,18.602,334.52559708092286,3.871321321933132,359.73779908660794,367.2922928674267,20.419999999999998,61.25999999999999,370.98846
46.281044,3.459287,293.0,30.64263061447828,0.75,0.024475705413021357,10.874,354.8650942149257,4.10436831321195,404.58251337797617,413.07874615891365,20.419999999999998,61.25999999999999,416.53275
46.280674,3.458938,294.25,49.16730172134754,1.25,0.0254234004356044,18.037,366.8494989255972,4.1249597082106675,420.3442783459336,429.1715081911982,20.419999999999998,61.25999999999999,429.28787
46.280104,3.458397,295.75,75.8855741005901,1.5,0.019766602780281736,27.882,367.42161247987696,4.003200439107468,408.57287789361595,417.15290832938183,20.419999999999998,61.25999999999999,417.13068
46.279494,3.457818,295.0,81.21263028423111,-0.75,-0.009235016737853718,29.125,358.626483319986,3.4238997659436947,341.08364786125287,348.24640446633913,20.419999999999998,61.25999999999999,293.1718
46.27926,3.457616,295.0,30.33272485036558,0.0,0.0,9.577,315.73160826283544,3.6,315.73160826283544,322.3619720363549,20.419999999999998,61.25999999999999,332.33093
46.278814,3.457322,293.75,54.55852522733573,-1.25,-0.022911176480512826,17.825,326.7133766121129,3.178047340980787,288.4196049458277,294.47641664969007,20.419999999999998,61.25999999999999,341.22345
46.277188,3.4563,288.0,197.347919706906,-5.75,-0.02913635982856922,57.209,289.88904511871596,3.072192163851867,247.38745911117206,252.58259575250665,20.419999999999998,61.25999999999999,250.50859
46.276883,3.456038,287.25,39.485906705557824,-0.75,-0.01899411872678193,11.171,282.91106706250787,3.2466110168606694,255.13949642137382,260.49742584622265,20.419999999999998,61.25999999999999,263.73212
46.276767,3.455875,287.0,18.000963346617493,-0.25,-0.01388814560566153,5.417,300.928338983474,3.3382263107050623,279.04636078650134,284.90633436301783,20.419999999999998,61.25999999999999,287.7022
46.276664,3.455644,286.75,21.150968138307178,-0.25,-0.011819789920028162,6.471,305.94344229000893,3.376053423371082,286.9115015836438,292.9366431169003,20.419999999999998,61.25999999999999,292.9061
46.276541,3.455294,286.25,30.210604915520992,-0.5,-0.01655047958815019,9.163,303.30408893244044,3.2901418945521272,277.19819160710733,283.0193536308566,20.419999999999998,61.25999999999999,304.0508
46.27634,3.455092,286.25,27.24357472827255,0.0,0.0,8.514,312.5140545952081,3.6,312.5140545952081,319.07684974170746,20.419999999999998,61.25999999999999,332.33093
46.275466,3.45451,287.25,107.1041682874547,1.0,0.009336704779930883,34.992,326.7099736593414,3.7860664393472296,343.59601851990277,350.8115349088207,20.419999999999998,61.25999999999999,351.44424
46.275228,3.454388,287.5,28.107860012524355,0.25,0.00889430927465145,9.607,341.7905168063059,3.777071117160482,358.60196920790344,366.13261056126936,20.419999999999998,61.25999999999999,383.93292
46.274649,3.454124,289.5,67.57918281708191,2.0,0.0295949124660688,23.059,341.21454327754026,4.2165108870897745,399.64856571197595,408.0411855919274,20.419999999999998,61.25999999999999,408.42776
46.274381,3.453978,290.5,31.878614259740022,1.0,0.031368992135361255,11.941,374.57713508834877,4.255893900291409,442.82237344753736,452.1216432899356,20.419999999999998,61.25999999999999,408.42776
46.274132,3.453587,290.25,40.90788844329211,-0.25,-0.006111290743998151,14.051,343.4789849756721,3.4825688763085845,332.27478409509433,339.2525545610913,20.419999999999998,61.25999999999999,338.81088
46.274131,3.453586,290.25,0.13532391981340022,0.0,0.0,0.042,310.3664160623954,3.6,310.3664160623954,316.88411079970564,20.419999999999998,61.25999999999999,332.33093
46.273294,3.452274,290.0,137.3792509332702,-0.25,-0.0018197799034545146,43.517,316.7654482345205,3.564667879517383,313.6565607395893,320.2433485151206,20.419999999999998,61.25999999999999,320.21173
46.272245,3.450521,287.25,178.41330685367416,-2.75,-0.01541364850243718,57.759,323.737063219007,3.3105905468982724,297.71135032595913,303.96328868280426,20.419999999999998,61.25999999999999,297.2956
46.271143,3.448986,285.5,170.29551184906433,-1.75,-0.010276254382740593,51.379,301.70495653190227,3.4045490163218393,285.32480916114196,291.3166301535259,20.419999999999998,61.25999999999999,293.1718
46.270809,3.448497,286.0,52.89896849507286,0.5,0.009451980146769238,16.397,309.9682369331503,3.7884132564241884,326.1910494077723,333.0410614453355,20.419999999999998,61.25999999999999,335.6374
46.270655,3.448154,286.0,31.47256965755821,0.0,0.0,10.587,336.38816643170117,3.6,336.38816643170117,343.45231792676685,20.419999999999998,61.25999999999999,332.33093
46.270469,3.447593,286.25,47.877761834858326,0.25,0.00522163088705585,15.889,331.86597265772156,3.7030780050483374,341.36821777021714,348.53695034339165,20.419999999999998,61.25999999999999,349.37494
46.270441,3.447402,286.0,15.0243616275308,-0.25,-0.016639642082489373,4.908,326.6694533634314,3.288543377048535,298.40740759510487,304.67396315460206,20.419999999999998,61.25999999999999,304.0508
46.270433,3.44679,283.5,47.10194149787875,-2.5,-0.05307636841493229,12.186,258.71545020174597,2.7016101538344968,194.15230200525,198.22950034736022,20.419999999999998,61.25999999999999,197.70932
46.270366,3.446292,282.5,39.04030884726013,-1.0,-0.025614551460449848,10.295,263.70180728533114,3.1316068124612406,229.3917711536345,234.20899834786078,20.419999999999998,61.25999999999999,239.66475
46.27031,3.446084,282.5,17.176818978240032,0.0,0.0,5.111,297.55218393316744,3.6,297.55218393316744,303.80077979576396,20.419999999999998,61.25999999999999,332.33093
46.270227,3.445961,282.25,13.226987964268854,-0.25,-0.018900750546938235,4.143,313.22323806386044,3.248263611233042,282.61990177650614,288.55491971381275,20.419999999999998,61.25999999999999,288.24515
46.269451,3.44538,282.0,97.2680072600326,-0.25,-0.002570218173912615,30.474,313.29931452725214,3.5501873382453812,308.9642387543355,315.4524877681765,20.419999999999998,61.25999999999999,315.61707
46.269409,3.445348,282.0,5.28424175380727,0.0,0.0,1.696,320.9542785922011,3.6,320.9542785922011,327.69431844263727,20.419999999999998,61.25999999999999,332.33093
46.269385,3.445281,282.0,5.806865739949938,0.0,0.0,1.852,318.93280866796255,3.6,318.93280866796255,325.63039764998973,20.419999999999998,61.25999999999999,332.33093
46.26924,3.444865,281.75,35.85120986195966,-0.25,-0.006973265364337547,11.439,319.0687300106288,3.466287337033521,307.2177495775583,313.669322318687,20.419999999999998,61.25999999999999,313.91418
46.269204,3.444799,281.75,6.469509529667841,0.0,0.0,2.071,320.1170027654832,3.6,320.1170027654832,326.83945982355834,20.419999999999998,61.25999999999999,332.33093
46.26915,3.444701,281.75,9.643977530403788,0.0,0.0,3.109,322.37735832528716,3.6,322.37735832528716,329.1472828501182,20.419999999999998,61.25999999999999,332.33093
46.268832,3.444502,281.75,38.569884064803574,0.0,0.0,12.601,326.70567479094063,3.6,326.70567479094063,333.56649396155035,20.419999999999998,61.25999999999999,332.33093
46.268507,3.444281,281.75,39.976645980814894,0.0,0.0,13.061,326.71575314917806,3.6,326.71575314917806,333.57678396531077,20.419999999999998,61.25999999999999,332.33093
46.268359,3.444203,281.75,17.534626348583107,0.0,0.0,5.728,326.6679247181593,3.6,326.6679247181593,333.5279511372406,20.419999999999998,61.25999999999999,332.33093
46.268182,3.444177,281.75,19.80487383106527,0.0,0.0,6.47,326.68726169067395,3.6,326.68726169067395,333.5476941861781,20.419999999999998,61.25999999999999,332.33093
46.267898,3.444198,281.25,31.65601116623386,-0.5,-0.01579478846448377,9.968,314.88490282794845,3.303720908273884,288.96995477013434,295.03832382030714,20.419999999999998,61.25999999999999,297.2956
46.267366,3.444289,281.0,59.634567759172775,-0.25,-0.004192199413762765,17.956,301.10053069409685,3.5190689930232852,294.3315392634589,300.51250158799155,20.419999999999998,61.25999999999999,300.8445
46.266208,3.444408,284.5,129.2328508667862,3.5,0.027082897084796307,41.337,319.8644905126357,4.161202531604402,369.72803546986995,377.4923242147372,20.419999999999998,61.25999999999999,380.22256
46.265714,3.444387,286.5,55.01557010530464,2.0,0.03635334499255073,20.353,369.9498153166925,4.367955214590579,448.8678402637135,458.29406490925146,20.419999999999998,61.25999999999999,510.27573
46.265565,3.4433,284.5,85.28084152846412,-2.0,-0.023451926178899882,32.72,383.67351228680207,3.1687003102538536,337.70732706093764,344.7991809292173,20.419999999999998,61.25999999999999,341.22345
46.265392,3.441684,280.5,125.84524797186968,-4.0,-0.03178506987323132,36.376,289.0534254271656,3.028321981376428,243.1519005592327,248.25809047097655,20.419999999999998,61.25999999999999,245.92021
46.265214,3.440025,280.25,129.20102720533842,-0.25,-0.0019349691361406631,35.714,276.42195091251057,3.562441767198964,273.5380842503748,279.2823840196327,20.419999999999998,61.25999999999999,326.04163
46.265004,3.438238,277.75,139.49636611565018,-2.5,-0.017921613799798643,45.134,323.5496468960448,3.265645178786051,293.49954013444386,299.66303047726717,20.419999999999998,61.25999999999999,288.24515
46.264729,3.436916,274.0,106.24462506603948,-3.75,-0.03529590318257585,31.631,297.71859028481504,2.9712587429660973,245.72193453536056,250.88209516060311,20.419999999999998,61.25999999999999,251.35652
46.264511,3.436196,270.25,60.49133177294636,-3.75,-0.06199235312053617,16.41,271.2785372554663,2.578806940792441,194.32638187844924,198.40723589789667,20.419999999999998,61.25999999999999,200.13914
46.264319,3.435502,265.75,57.52723908945993,-4.5,-0.07822381312272092,13.611,236.60096009185656,2.377075842925644,156.2273407353796,159.50811489082258,20.419999999999998,61.25999999999999,159.23598
46.263883,3.433459,258.25,164.54887624535036,-7.5,-0.04557916268487386,36.168,219.80095413153572,2.811330987243741,171.64812038214623,175.2527309101713,20.419999999999998,61.25999999999999,178.34454
46.263836,3.433193,257.25,21.129237967573168,-1.0,-0.04732778349766755,5.46,258.40969789726483,2.7852173017836455,199.92421153670745,204.1226199789783,20.419999999999998,61.25999999999999,204.14825
46.263822,3.432903,256.5,22.372596794555765,-0.75,-0.033523153654765186,5.912,264.2518458759624,2.9999168135994725,220.20376540777667,224.82804448133996,20.419999999999998,61.25999999999999,225.21228
46.26417,3.432366,256.75,56.6448888880534,0.25,0.004413460859532657,14.969,264.2603824253773,3.6869606139456494,270.6437838412726,276.32730330193925,20.419999999999998,61.25999999999999,337.0636
46.264218,3.432181,256.5,15.207064865954422,-0.25,-0.01643972733750219,4.968,326.6902616508435,3.2921285476344004,298.75176017080383,305.0255471343907,20.419999999999998,61.25999999999999,304.0508
46.264296,3.431319,253.75,66.90433069635104,-2.75,-0.04110346776326072,20.076,300.0702613873536,2.8796079238338295,240.02352844386436,245.0640225411855,20.419999999999998,61.25999999999999,243.08061
